parameter	environmental	human
AMPHORA2	0.481685106521252	0.662479189213889
rRNA_LSU	0.13211572831416	0.480654484982479
rRNA_SSU	0.076231996313743	0.228571159996455
